,Date,DeltaRanking,Delta_draw_percentage,Delta_win_draw_home_team,Delta_win_draw_visitor_team,Delta_win_percentage,Draw_percentage_home_team,Draw_percentage_visitor_team,Phase,Ranking_home_team,Ranking_visitor_team,Result,Result_with_penalties,Team_home,Team_visitor,Win_percentage_home_team,Win_percentage_visitor_team,Worldcup
0,2014-06-12,6.0,0.043859649122807015,0.4736842105263158,0.33333333333333337,0.1842105263157895,0.21052631578947367,0.16666666666666666,0,10.0,16.0,Win,Win,Brazil,Croatia,0.6842105263157895,0.5,Brazil-2014
1,2014-06-13,29.0,0.014492753623188415,0.0,0.08333333333333337,-0.06884057971014496,0.34782608695652173,0.3333333333333333,0,21.0,50.0,Win,Win,Mexico,Cameroon,0.34782608695652173,0.4166666666666667,Brazil-2014
2,2014-06-13,8.0,-0.22916666666666669,0.5,0.16666666666666669,0.10416666666666663,0.1875,0.4166666666666667,0,1.0,9.0,Loss,Loss,Spain,Netherlands,0.6875,0.5833333333333334,Brazil-2014
3,2014-06-13,43.0,-0.035714285714285726,0.4285714285714286,0.08333333333333331,0.3095238095238096,0.21428571428571427,0.25,0,15.0,58.0,Win,Win,Chile,Australia,0.6428571428571429,0.3333333333333333,Brazil-2014
4,2014-06-14,8.0,0.04999999999999999,0.33333333333333337,0.49999999999999994,-0.11666666666666659,0.25,0.2,0,4.0,12.0,Win,Win,Colombia,Greece,0.5833333333333334,0.7,Brazil-2014
5,2014-06-14,25.0,-0.014005602240896337,0.3529411764705882,0.38095238095238093,-0.04201680672268904,0.17647058823529413,0.19047619047619047,0,6.0,31.0,Loss,Loss,Uruguay,Costa Rica,0.5294117647058824,0.5714285714285714,Brazil-2014
6,2014-06-14,-6.0,-0.22222222222222227,0.16666666666666669,-0.22222222222222227,0.16666666666666669,0.3333333333333333,0.5555555555555556,0,13.0,7.0,Loss,Loss,England,Italy,0.5,0.3333333333333333,Brazil-2014
7,2014-06-14,30.0,0.05639097744360902,0.3571428571428571,0.2631578947368421,0.15037593984962405,0.21428571428571427,0.15789473684210525,0,17.0,47.0,Win,Win,Côte d'Ivoire,Japan,0.5714285714285714,0.42105263157894735,Brazil-2014
8,2014-06-15,15.0,0.025641025641025605,0.22222222222222227,0.0,0.24786324786324787,0.3333333333333333,0.3076923076923077,0,8.0,23.0,Win,Win,Switzerland,Ecuador,0.5555555555555556,0.3076923076923077,Brazil-2014
9,2014-06-15,22.0,-0.10606060606060605,0.25,0.09090909090909094,0.05303030303030304,0.16666666666666666,0.2727272727272727,0,20.0,42.0,Win,Win,France,Honduras,0.4166666666666667,0.36363636363636365,Brazil-2014
10,2014-06-15,16.0,0.3333333333333333,0.25000000000000006,0.6666666666666666,-0.08333333333333326,0.3333333333333333,0.0,0,3.0,19.0,Win,Win,Argentina,Bosnia and Herzegovina,0.5833333333333334,0.6666666666666666,Brazil-2014
11,2014-06-16,3.0,-0.08333333333333334,0.5833333333333334,0.33333333333333337,0.16666666666666663,0.16666666666666666,0.25,0,2.0,5.0,Win,Win,Germany,Portugal,0.75,0.5833333333333334,Brazil-2014
12,2014-06-16,4.0,-0.19323671497584544,0.6666666666666667,0.21739130434782605,0.2560386473429952,0.1111111111111111,0.30434782608695654,0,33.0,37.0,Draw,Draw,IR Iran,Nigeria,0.7777777777777778,0.5217391304347826,Brazil-2014
13,2014-06-16,-10.0,0.04603580562659848,0.4117647058823529,0.5652173913043478,-0.10741687979539638,0.17647058823529413,0.13043478260869565,0,24.0,14.0,Loss,Loss,Ghana,USA,0.5882352941176471,0.6956521739130435,Brazil-2014
14,2014-06-17,15.0,-0.04895104895104896,0.45454545454545453,0.30769230769230765,0.09790209790209792,0.18181818181818182,0.23076923076923078,0,11.0,26.0,Win,Win,Belgium,Algeria,0.6363636363636364,0.5384615384615384,Brazil-2014
15,2014-06-17,11.0,-0.13729977116704806,0.4736842105263158,0.0,0.33638443935926776,0.21052631578947367,0.34782608695652173,0,10.0,21.0,Draw,Draw,Brazil,Mexico,0.6842105263157895,0.34782608695652173,Brazil-2014
16,2014-06-17,32.0,0.033333333333333326,0.2,0.06666666666666665,0.16666666666666669,0.3,0.26666666666666666,0,22.0,54.0,Draw,Draw,Russia,Korea Republic,0.5,0.3333333333333333,Brazil-2014
17,2014-06-18,-49.0,-0.16666666666666669,0.08333333333333331,0.16666666666666669,-0.25000000000000006,0.25,0.4166666666666667,0,58.0,9.0,Loss,Loss,Australia,Netherlands,0.3333333333333333,0.5833333333333334,Brazil-2014
18,2014-06-18,14.0,-0.026785714285714274,0.5,0.4285714285714286,0.044642857142857095,0.1875,0.21428571428571427,0,1.0,15.0,Loss,Loss,Spain,Chile,0.6875,0.6428571428571429,Brazil-2014
19,2014-06-18,-34.0,0.16666666666666666,0.08333333333333337,0.33333333333333337,-0.08333333333333331,0.3333333333333333,0.16666666666666666,0,50.0,16.0,Loss,Loss,Cameroon,Croatia,0.4166666666666667,0.5,Brazil-2014
20,2014-06-19,13.0,0.035714285714285726,0.33333333333333337,0.3571428571428571,0.011904761904761973,0.25,0.21428571428571427,0,4.0,17.0,Win,Win,Colombia,Côte d'Ivoire,0.5833333333333334,0.5714285714285714,Brazil-2014
21,2014-06-19,7.0,-0.15686274509803919,0.3529411764705882,0.16666666666666669,0.02941176470588236,0.17647058823529413,0.3333333333333333,0,6.0,13.0,Win,Win,Uruguay,England,0.5294117647058824,0.5,Brazil-2014
22,2014-06-19,-35.0,-0.04210526315789476,0.2631578947368421,0.49999999999999994,-0.2789473684210526,0.15789473684210525,0.2,0,47.0,12.0,Draw,Draw,Japan,Greece,0.42105263157894735,0.7,Brazil-2014
23,2014-06-20,24.0,0.3650793650793651,-0.22222222222222227,0.38095238095238093,-0.23809523809523808,0.5555555555555556,0.19047619047619047,0,7.0,31.0,Loss,Loss,Italy,Costa Rica,0.3333333333333333,0.5714285714285714,Brazil-2014
24,2014-06-20,12.0,0.16666666666666666,0.22222222222222227,0.25,0.1388888888888889,0.3333333333333333,0.16666666666666666,0,8.0,20.0,Loss,Loss,Switzerland,France,0.5555555555555556,0.4166666666666667,Brazil-2014
25,2014-06-20,-19.0,-0.034965034965035,0.09090909090909094,0.0,0.05594405594405594,0.2727272727272727,0.3076923076923077,0,42.0,23.0,Loss,Loss,Honduras,Ecuador,0.36363636363636365,0.3076923076923077,Brazil-2014
26,2014-06-21,30.0,0.2222222222222222,0.25000000000000006,0.6666666666666667,-0.19444444444444442,0.3333333333333333,0.1111111111111111,0,3.0,33.0,Win,Win,Argentina,IR Iran,0.5833333333333334,0.7777777777777778,Brazil-2014
27,2014-06-21,22.0,-0.009803921568627472,0.5833333333333334,0.4117647058823529,0.16176470588235292,0.16666666666666666,0.17647058823529413,0,2.0,24.0,Draw,Draw,Germany,Ghana,0.75,0.5882352941176471,Brazil-2014
28,2014-06-21,-18.0,0.30434782608695654,0.21739130434782605,0.6666666666666666,-0.14492753623188404,0.30434782608695654,0.0,0,37.0,19.0,Win,Win,Nigeria,Bosnia and Herzegovina,0.5217391304347826,0.6666666666666666,Brazil-2014
29,2014-06-22,11.0,-0.11818181818181817,0.45454545454545453,0.2,0.13636363636363635,0.18181818181818182,0.3,0,11.0,22.0,Win,Win,Belgium,Russia,0.6363636363636364,0.5,Brazil-2014
30,2014-06-22,-28.0,0.03589743589743588,0.06666666666666665,0.30769230769230765,-0.20512820512820512,0.26666666666666666,0.23076923076923078,0,54.0,26.0,Loss,Loss,Korea Republic,Algeria,0.3333333333333333,0.5384615384615384,Brazil-2014
31,2014-06-22,-9.0,-0.11956521739130435,0.5652173913043478,0.33333333333333337,0.11231884057971009,0.13043478260869565,0.25,0,14.0,5.0,Draw,Draw,USA,Portugal,0.6956521739130435,0.5833333333333334,Brazil-2014
32,2014-06-23,-57.0,0.0625,0.08333333333333331,0.5,-0.3541666666666667,0.25,0.1875,0,58.0,1.0,Loss,Loss,Australia,Spain,0.3333333333333333,0.6875,Brazil-2014
33,2014-06-23,6.0,0.2023809523809524,0.16666666666666669,0.4285714285714286,-0.059523809523809534,0.4166666666666667,0.21428571428571427,0,9.0,15.0,Win,Win,Netherlands,Chile,0.5833333333333334,0.6428571428571429,Brazil-2014
34,2014-06-23,-40.0,0.12280701754385964,0.08333333333333337,0.4736842105263158,-0.2675438596491228,0.3333333333333333,0.21052631578947367,0,50.0,10.0,Loss,Loss,Cameroon,Brazil,0.4166666666666667,0.6842105263157895,Brazil-2014
35,2014-06-23,5.0,-0.18115942028985507,0.33333333333333337,0.0,0.15217391304347827,0.16666666666666666,0.34782608695652173,0,16.0,21.0,Loss,Loss,Croatia,Mexico,0.5,0.34782608695652173,Brazil-2014
36,2014-06-24,-1.0,0.3790849673202614,-0.22222222222222227,0.3529411764705882,-0.19607843137254904,0.5555555555555556,0.17647058823529413,0,7.0,6.0,Loss,Loss,Italy,Uruguay,0.3333333333333333,0.5294117647058824,Brazil-2014
37,2014-06-24,-18.0,-0.14285714285714285,0.38095238095238093,0.16666666666666669,0.0714285714285714,0.19047619047619047,0.3333333333333333,0,31.0,13.0,Draw,Draw,Costa Rica,England,0.5714285714285714,0.5,Brazil-2014
38,2014-06-24,-43.0,-0.09210526315789475,0.2631578947368421,0.33333333333333337,-0.16228070175438603,0.15789473684210525,0.25,0,47.0,4.0,Loss,Loss,Japan,Colombia,0.42105263157894735,0.5833333333333334,Brazil-2014
39,2014-06-24,5.0,-0.014285714285714263,0.49999999999999994,0.3571428571428571,0.12857142857142856,0.2,0.21428571428571427,0,12.0,17.0,Win,Win,Greece,Côte d'Ivoire,0.7,0.5714285714285714,Brazil-2014
40,2014-06-25,-34.0,-0.028985507246376774,0.21739130434782605,0.25000000000000006,-0.061594202898550776,0.30434782608695654,0.3333333333333333,0,37.0,3.0,Loss,Loss,Nigeria,Argentina,0.5217391304347826,0.5833333333333334,Brazil-2014
41,2014-06-25,14.0,-0.1111111111111111,0.6666666666666666,0.6666666666666667,-0.11111111111111116,0.0,0.1111111111111111,0,19.0,33.0,Win,Win,Bosnia and Herzegovina,IR Iran,0.6666666666666666,0.7777777777777778,Brazil-2014
42,2014-06-25,-34.0,-0.06060606060606061,0.09090909090909094,0.22222222222222227,-0.19191919191919193,0.2727272727272727,0.3333333333333333,0,42.0,8.0,Loss,Loss,Honduras,Switzerland,0.36363636363636365,0.5555555555555556,Brazil-2014
43,2014-06-25,-3.0,0.14102564102564105,0.0,0.25,-0.10897435897435898,0.3076923076923077,0.16666666666666666,0,23.0,20.0,Draw,Draw,Ecuador,France,0.3076923076923077,0.4166666666666667,Brazil-2014
44,2014-06-26,-12.0,-0.03623188405797101,0.5652173913043478,0.5833333333333334,-0.05434782608695654,0.13043478260869565,0.16666666666666666,0,14.0,2.0,Loss,Loss,USA,Germany,0.6956521739130435,0.75,Brazil-2014
45,2014-06-26,19.0,0.07352941176470587,0.33333333333333337,0.4117647058823529,-0.004901960784313708,0.25,0.17647058823529413,0,5.0,24.0,Win,Win,Portugal,Ghana,0.5833333333333334,0.5882352941176471,Brazil-2014
46,2014-06-26,-43.0,0.08484848484848484,0.06666666666666665,0.45454545454545453,-0.30303030303030304,0.26666666666666666,0.18181818181818182,0,54.0,11.0,Loss,Loss,Korea Republic,Belgium,0.3333333333333333,0.6363636363636364,Brazil-2014
47,2014-06-26,-4.0,-0.0692307692307692,0.30769230769230765,0.2,0.038461538461538436,0.23076923076923078,0.3,0,26.0,22.0,Draw,Draw,Algeria,Russia,0.5384615384615384,0.5,Brazil-2014
48,2014-06-28,5.0,-0.0037593984962406013,0.4736842105263158,0.4285714285714286,0.041353383458646586,0.21052631578947367,0.21428571428571427,1,10.0,15.0,Draw,Win,Brazil,Chile,0.6842105263157895,0.6428571428571429,Brazil-2014
49,2014-06-28,2.0,0.07352941176470587,0.33333333333333337,0.3529411764705882,0.05392156862745101,0.25,0.17647058823529413,1,4.0,6.0,Win,Win,Colombia,Uruguay,0.5833333333333334,0.5294117647058824,Brazil-2014
50,2014-06-29,12.0,0.06884057971014496,0.16666666666666669,0.0,0.23550724637681164,0.4166666666666667,0.34782608695652173,1,9.0,21.0,Win,Win,Netherlands,Mexico,0.5833333333333334,0.34782608695652173,Brazil-2014
51,2014-06-29,-19.0,-0.009523809523809545,0.38095238095238093,0.49999999999999994,-0.12857142857142856,0.19047619047619047,0.2,1,31.0,12.0,Draw,Win,Costa Rica,Greece,0.5714285714285714,0.7,Brazil-2014
52,2014-06-30,17.0,-0.13768115942028988,0.25,0.21739130434782605,-0.10507246376811591,0.16666666666666666,0.30434782608695654,1,20.0,37.0,Win,Win,France,Nigeria,0.4166666666666667,0.5217391304347826,Brazil-2014
53,2014-06-30,24.0,-0.06410256410256412,0.5833333333333334,0.30769230769230765,0.21153846153846156,0.16666666666666666,0.23076923076923078,1,2.0,26.0,Win,Win,Germany,Algeria,0.75,0.5384615384615384,Brazil-2014
54,2014-07-01,5.0,0.0,0.25000000000000006,0.22222222222222227,0.02777777777777779,0.3333333333333333,0.3333333333333333,1,3.0,8.0,Win,Win,Argentina,Switzerland,0.5833333333333334,0.5555555555555556,Brazil-2014
55,2014-07-01,3.0,0.051383399209486175,0.45454545454545453,0.5652173913043478,-0.059288537549407105,0.18181818181818182,0.13043478260869565,1,11.0,14.0,Win,Win,Belgium,USA,0.6363636363636364,0.6956521739130435,Brazil-2014
56,2014-07-04,-18.0,0.0,0.25,0.5833333333333334,-0.3333333333333333,0.16666666666666666,0.16666666666666666,2,20.0,2.0,Loss,Loss,France,Germany,0.4166666666666667,0.75,Brazil-2014
57,2014-07-04,-6.0,-0.03947368421052633,0.4736842105263158,0.33333333333333337,0.10087719298245612,0.21052631578947367,0.25,2,10.0,4.0,Win,Win,Brazil,Colombia,0.6842105263157895,0.5833333333333334,Brazil-2014
58,2014-07-05,8.0,0.1515151515151515,0.25000000000000006,0.45454545454545453,-0.05303030303030298,0.3333333333333333,0.18181818181818182,2,3.0,11.0,Win,Win,Argentina,Belgium,0.5833333333333334,0.6363636363636364,Brazil-2014
59,2014-07-05,22.0,0.22619047619047622,0.16666666666666669,0.38095238095238093,0.011904761904761973,0.4166666666666667,0.19047619047619047,2,9.0,31.0,Draw,Win,Netherlands,Costa Rica,0.5833333333333334,0.5714285714285714,Brazil-2014
60,2014-07-08,-8.0,0.043859649122807015,0.4736842105263158,0.5833333333333334,-0.06578947368421051,0.21052631578947367,0.16666666666666666,2,10.0,2.0,Loss,Loss,Brazil,Germany,0.6842105263157895,0.75,Brazil-2014
61,2014-07-09,-6.0,0.08333333333333337,0.16666666666666669,0.25000000000000006,0.0,0.4166666666666667,0.3333333333333333,2,9.0,3.0,Draw,Loss,Netherlands,Argentina,0.5833333333333334,0.5833333333333334,Brazil-2014
62,2014-07-12,-1.0,-0.206140350877193,0.4736842105263158,0.16666666666666669,0.10087719298245612,0.21052631578947367,0.4166666666666667,2,10.0,9.0,Loss,Loss,Brazil,Netherlands,0.6842105263157895,0.5833333333333334,Brazil-2014
63,2014-07-13,1.0,-0.16666666666666666,0.5833333333333334,0.25000000000000006,0.16666666666666663,0.16666666666666666,0.3333333333333333,2,2.0,3.0,Win,Win,Germany,Argentina,0.75,0.5833333333333334,Brazil-2014
64,2010-06-11,-68.0,-0.033333333333333354,0.11111111111111113,0.35000000000000003,-0.27222222222222225,0.16666666666666666,0.2,0,85.0,17.0,Draw,Draw,South Africa,Mexico,0.2777777777777778,0.55,SouthAfrica-2010
65,2010-06-11,-13.0,0.0,0.16666666666666669,0.33333333333333337,-0.16666666666666669,0.25,0.25,0,20.0,7.0,Draw,Draw,Uruguay,France,0.4166666666666667,0.5833333333333334,SouthAfrica-2010
66,2010-06-12,-39.0,0.06153846153846154,0.0,0.0,0.06153846153846154,0.46153846153846156,0.4,0,52.0,13.0,Win,Win,Korea Republic,Greece,0.46153846153846156,0.4,SouthAfrica-2010
67,2010-06-12,14.0,-0.5555555555555556,0.6153846153846154,-0.11111111111111116,0.170940170940171,0.0,0.5555555555555556,0,8.0,22.0,Win,Win,Argentina,Nigeria,0.6153846153846154,0.4444444444444444,SouthAfrica-2010
68,2010-06-12,5.0,-0.03409090909090909,0.5454545454545454,0.41666666666666663,0.09469696969696972,0.09090909090909091,0.125,0,9.0,14.0,Draw,Draw,England,USA,0.6363636363636364,0.5416666666666666,SouthAfrica-2010
69,2010-06-13,5.0,0.0111111111111111,0.6666666666666667,0.4,0.2777777777777778,0.1111111111111111,0.1,0,26.0,31.0,Loss,Loss,Algeria,Slovenia,0.7777777777777778,0.5,SouthAfrica-2010
70,2010-06-13,15.0,-0.16666666666666669,0.6666666666666666,0.25,0.25,0.08333333333333333,0.25,0,19.0,34.0,Loss,Loss,Serbia,Ghana,0.75,0.5,SouthAfrica-2010
71,2010-06-13,15.0,-0.06060606060606061,0.36363636363636365,0.16666666666666669,0.13636363636363635,0.2727272727272727,0.3333333333333333,0,6.0,21.0,Win,Win,Germany,Australia,0.6363636363636364,0.5,SouthAfrica-2010
72,2010-06-14,25.0,0.09090909090909088,0.09090909090909088,0.09090909090909088,0.09090909090909088,0.45454545454545453,0.36363636363636365,0,3.0,28.0,Win,Win,Netherlands,Denmark,0.5454545454545454,0.45454545454545453,SouthAfrica-2010
73,2010-06-14,-32.0,-0.04575163398692808,0.47058823529411764,0.4444444444444444,-0.019607843137254832,0.17647058823529413,0.2222222222222222,0,43.0,11.0,Win,Win,Japan,Cameroon,0.6470588235294118,0.6666666666666666,SouthAfrica-2010
74,2010-06-14,25.0,0.1,0.26666666666666666,0.16666666666666666,0.2,0.26666666666666666,0.16666666666666666,0,4.0,29.0,Draw,Draw,Italy,Paraguay,0.5333333333333333,0.3333333333333333,SouthAfrica-2010
75,2010-06-15,-49.0,0.13333333333333333,-0.09999999999999998,0.25,-0.21666666666666667,0.3,0.16666666666666666,0,82.0,33.0,Draw,Draw,New Zealand,Slovakia,0.2,0.4166666666666667,SouthAfrica-2010
76,2010-06-15,-11.0,0.19444444444444442,0.11111111111111116,0.5,-0.19444444444444442,0.4444444444444444,0.25,0,16.0,5.0,Draw,Draw,Côte d'Ivoire,Portugal,0.5555555555555556,0.75,SouthAfrica-2010
77,2010-06-15,84.0,-0.1900452488687783,0.7058823529411764,0.15384615384615385,0.3619909502262443,0.11764705882352941,0.3076923076923077,0,2.0,86.0,Win,Win,Brazil,Korea DPR,0.8235294117647058,0.46153846153846156,SouthAfrica-2010
78,2010-06-16,-22.0,-0.17261904761904762,0.5833333333333334,0.3571428571428571,0.0535714285714286,0.041666666666666664,0.21428571428571427,0,37.0,15.0,Loss,Loss,Honduras,Chile,0.625,0.5714285714285714,SouthAfrica-2010
79,2010-06-16,17.0,-0.4444444444444444,0.9375,0.0,0.4930555555555556,0.0,0.4444444444444444,0,1.0,18.0,Loss,Loss,Spain,Switzerland,0.9375,0.4444444444444444,SouthAfrica-2010
80,2010-06-16,-65.0,-0.08333333333333334,0.11111111111111113,0.16666666666666669,-0.1388888888888889,0.16666666666666666,0.25,0,85.0,20.0,Loss,Loss,South Africa,Uruguay,0.2777777777777778,0.4166666666666667,SouthAfrica-2010
81,2010-06-17,44.0,-0.46153846153846156,0.6153846153846154,0.0,0.15384615384615385,0.0,0.46153846153846156,0,8.0,52.0,Win,Win,Argentina,Korea Republic,0.6153846153846154,0.46153846153846156,SouthAfrica-2010
82,2010-06-17,9.0,-0.15555555555555556,0.0,-0.11111111111111116,-0.0444444444444444,0.4,0.5555555555555556,0,13.0,22.0,Win,Win,Greece,Nigeria,0.4,0.4444444444444444,SouthAfrica-2010
83,2010-06-17,10.0,0.04999999999999999,0.33333333333333337,0.35000000000000003,0.033333333333333326,0.25,0.2,0,7.0,17.0,Loss,Loss,France,Mexico,0.5833333333333334,0.55,SouthAfrica-2010
84,2010-06-18,13.0,0.1893939393939394,0.36363636363636365,0.6666666666666666,-0.11363636363636365,0.2727272727272727,0.08333333333333333,0,6.0,19.0,Loss,Loss,Germany,Serbia,0.6363636363636364,0.75,SouthAfrica-2010
85,2010-06-18,-17.0,-0.024999999999999994,0.4,0.41666666666666663,-0.04166666666666663,0.1,0.125,0,31.0,14.0,Draw,Draw,Slovenia,USA,0.5,0.5416666666666666,SouthAfrica-2010
86,2010-06-18,17.0,-0.020202020202020193,0.5454545454545454,0.6666666666666667,-0.14141414141414144,0.09090909090909091,0.1111111111111111,0,9.0,26.0,Draw,Draw,England,Algeria,0.6363636363636364,0.7777777777777778,SouthAfrica-2010
87,2010-06-19,40.0,0.27807486631016043,0.09090909090909088,0.47058823529411764,-0.10160427807486638,0.45454545454545453,0.17647058823529413,0,3.0,43.0,Win,Win,Netherlands,Japan,0.5454545454545454,0.6470588235294118,SouthAfrica-2010
88,2010-06-19,-13.0,-0.08333333333333331,0.25,0.16666666666666669,0.0,0.25,0.3333333333333333,0,34.0,21.0,Draw,Draw,Ghana,Australia,0.5,0.5,SouthAfrica-2010
89,2010-06-19,17.0,-0.14141414141414144,0.4444444444444444,0.09090909090909088,0.2121212121212121,0.2222222222222222,0.36363636363636365,0,11.0,28.0,Loss,Loss,Cameroon,Denmark,0.6666666666666666,0.45454545454545453,SouthAfrica-2010
90,2010-06-20,-4.0,0.0,0.25,0.16666666666666666,0.08333333333333337,0.16666666666666666,0.16666666666666666,0,33.0,29.0,Loss,Loss,Slovakia,Paraguay,0.4166666666666667,0.3333333333333333,SouthAfrica-2010
91,2010-06-20,78.0,-0.033333333333333326,0.26666666666666666,-0.09999999999999998,0.3333333333333333,0.26666666666666666,0.3,0,4.0,82.0,Draw,Draw,Italy,New Zealand,0.5333333333333333,0.2,SouthAfrica-2010
92,2010-06-20,14.0,-0.326797385620915,0.7058823529411764,0.11111111111111116,0.26797385620915026,0.11764705882352941,0.4444444444444444,0,2.0,16.0,Win,Win,Brazil,Côte d'Ivoire,0.8235294117647058,0.5555555555555556,SouthAfrica-2010
93,2010-06-21,81.0,-0.05769230769230771,0.5,0.15384615384615385,0.28846153846153844,0.25,0.3076923076923077,0,5.0,86.0,Win,Win,Portugal,Korea DPR,0.75,0.46153846153846156,SouthAfrica-2010
94,2010-06-21,3.0,-0.23015873015873015,0.3571428571428571,0.0,0.12698412698412698,0.21428571428571427,0.4444444444444444,0,15.0,18.0,Win,Win,Chile,Switzerland,0.5714285714285714,0.4444444444444444,SouthAfrica-2010
95,2010-06-21,36.0,-0.041666666666666664,0.9375,0.5833333333333334,0.3125,0.0,0.041666666666666664,0,1.0,37.0,Win,Win,Spain,Honduras,0.9375,0.625,SouthAfrica-2010
96,2010-06-22,3.0,-0.04999999999999999,0.35000000000000003,0.16666666666666669,0.13333333333333336,0.2,0.25,0,17.0,20.0,Loss,Loss,Mexico,Uruguay,0.55,0.4166666666666667,SouthAfrica-2010
97,2010-06-22,78.0,0.08333333333333334,0.33333333333333337,0.11111111111111113,0.3055555555555556,0.25,0.16666666666666666,0,7.0,85.0,Loss,Loss,France,South Africa,0.5833333333333334,0.2777777777777778,SouthAfrica-2010
98,2010-06-22,30.0,0.09401709401709402,-0.11111111111111116,0.0,-0.017094017094017144,0.5555555555555556,0.46153846153846156,0,22.0,52.0,Draw,Draw,Nigeria,Korea Republic,0.4444444444444444,0.46153846153846156,SouthAfrica-2010
99,2010-06-22,-5.0,0.4,0.0,0.6153846153846154,-0.2153846153846154,0.4,0.0,0,13.0,8.0,Loss,Loss,Greece,Argentina,0.4,0.6153846153846154,SouthAfrica-2010
100,2010-06-23,-22.0,0.009090909090909094,0.4,0.5454545454545454,-0.13636363636363635,0.1,0.09090909090909091,0,31.0,9.0,Loss,Loss,Slovenia,England,0.5,0.6363636363636364,SouthAfrica-2010
101,2010-06-23,12.0,0.013888888888888895,0.41666666666666663,0.6666666666666667,-0.23611111111111116,0.125,0.1111111111111111,0,14.0,26.0,Win,Win,USA,Algeria,0.5416666666666666,0.7777777777777778,SouthAfrica-2010
102,2010-06-23,-28.0,-0.022727272727272707,0.25,0.36363636363636365,-0.13636363636363635,0.25,0.2727272727272727,0,34.0,6.0,Loss,Loss,Ghana,Germany,0.5,0.6363636363636364,SouthAfrica-2010
103,2010-06-23,-2.0,0.25,0.16666666666666669,0.6666666666666666,-0.25,0.3333333333333333,0.08333333333333333,0,21.0,19.0,Win,Win,Australia,Serbia,0.5,0.75,SouthAfrica-2010
104,2010-06-24,-29.0,-0.1,0.25,0.26666666666666666,-0.11666666666666664,0.16666666666666666,0.26666666666666666,0,33.0,4.0,Win,Win,Slovakia,Italy,0.4166666666666667,0.5333333333333333,SouthAfrica-2010
105,2010-06-24,53.0,-0.13333333333333333,0.16666666666666666,-0.09999999999999998,0.1333333333333333,0.16666666666666666,0.3,0,29.0,82.0,Draw,Draw,Paraguay,New Zealand,0.3333333333333333,0.2,SouthAfrica-2010
106,2010-06-24,15.0,0.18716577540106952,0.09090909090909088,0.47058823529411764,-0.19251336898395727,0.36363636363636365,0.17647058823529413,0,28.0,43.0,Loss,Loss,Denmark,Japan,0.45454545454545453,0.6470588235294118,SouthAfrica-2010
107,2010-06-24,-8.0,-0.23232323232323232,0.4444444444444444,0.09090909090909088,0.12121212121212122,0.2222222222222222,0.45454545454545453,0,11.0,3.0,Loss,Loss,Cameroon,Netherlands,0.6666666666666666,0.5454545454545454,SouthAfrica-2010
108,2010-06-25,-3.0,0.1323529411764706,0.5,0.7058823529411764,-0.07352941176470584,0.25,0.11764705882352941,0,5.0,2.0,Draw,Draw,Portugal,Brazil,0.75,0.8235294117647058,SouthAfrica-2010
109,2010-06-25,-70.0,-0.1367521367521367,0.15384615384615385,0.11111111111111116,-0.09401709401709402,0.3076923076923077,0.4444444444444444,0,86.0,16.0,Loss,Loss,Korea DPR,Côte d'Ivoire,0.46153846153846156,0.5555555555555556,SouthAfrica-2010
110,2010-06-25,-14.0,0.21428571428571427,0.3571428571428571,0.9375,-0.3660714285714286,0.21428571428571427,0.0,0,15.0,1.0,Loss,Loss,Chile,Spain,0.5714285714285714,0.9375,SouthAfrica-2010
111,2010-06-25,19.0,0.40277777777777773,0.0,0.5833333333333334,-0.18055555555555558,0.4444444444444444,0.041666666666666664,0,18.0,37.0,Draw,Draw,Switzerland,Honduras,0.4444444444444444,0.625,SouthAfrica-2010
112,2010-06-26,32.0,-0.21153846153846156,0.16666666666666669,0.0,-0.04487179487179488,0.25,0.46153846153846156,1,20.0,52.0,Win,Win,Uruguay,Korea Republic,0.4166666666666667,0.46153846153846156,SouthAfrica-2010
113,2010-06-26,20.0,-0.125,0.41666666666666663,0.25,0.04166666666666663,0.125,0.25,1,14.0,34.0,Loss,Loss,USA,Ghana,0.5416666666666666,0.5,SouthAfrica-2010
114,2010-06-27,3.0,0.1818181818181818,0.36363636363636365,0.5454545454545454,0.0,0.2727272727272727,0.09090909090909091,1,6.0,9.0,Win,Win,Germany,England,0.6363636363636364,0.6363636363636364,SouthAfrica-2010
115,2010-06-27,9.0,-0.2,0.6153846153846154,0.35000000000000003,0.06538461538461537,0.0,0.2,1,8.0,17.0,Win,Win,Argentina,Mexico,0.6153846153846154,0.55,SouthAfrica-2010
116,2010-06-28,30.0,0.28787878787878785,0.09090909090909088,0.25,0.12878787878787873,0.45454545454545453,0.16666666666666666,1,3.0,33.0,Win,Win,Netherlands,Slovakia,0.5454545454545454,0.4166666666666667,SouthAfrica-2010
117,2010-06-28,13.0,-0.09663865546218486,0.7058823529411764,0.3571428571428571,0.25210084033613445,0.11764705882352941,0.21428571428571427,1,2.0,15.0,Win,Win,Brazil,Chile,0.8235294117647058,0.5714285714285714,SouthAfrica-2010
118,2010-06-29,14.0,-0.009803921568627472,0.16666666666666666,0.47058823529411764,-0.3137254901960785,0.16666666666666666,0.17647058823529413,1,29.0,43.0,Draw,Win,Paraguay,Japan,0.3333333333333333,0.6470588235294118,SouthAfrica-2010
119,2010-06-29,4.0,-0.25,0.9375,0.5,0.1875,0.0,0.25,1,1.0,5.0,Win,Win,Spain,Portugal,0.9375,0.75,SouthAfrica-2010
120,2010-07-02,-1.0,0.33689839572192515,0.09090909090909088,0.7058823529411764,-0.27807486631016043,0.45454545454545453,0.11764705882352941,2,3.0,2.0,Win,Win,Netherlands,Brazil,0.5454545454545454,0.8235294117647058,SouthAfrica-2010
121,2010-07-02,14.0,0.0,0.16666666666666669,0.25,-0.08333333333333331,0.25,0.25,2,20.0,34.0,Draw,Win,Uruguay,Ghana,0.4166666666666667,0.5,SouthAfrica-2010
122,2010-07-03,-2.0,-0.2727272727272727,0.6153846153846154,0.36363636363636365,-0.020979020979020935,0.0,0.2727272727272727,2,8.0,6.0,Loss,Loss,Argentina,Germany,0.6153846153846154,0.6363636363636364,SouthAfrica-2010
123,2010-07-03,-28.0,0.16666666666666666,0.16666666666666666,0.9375,-0.6041666666666667,0.16666666666666666,0.0,2,29.0,1.0,Loss,Loss,Paraguay,Spain,0.3333333333333333,0.9375,SouthAfrica-2010
124,2010-07-06,-17.0,-0.20454545454545453,0.16666666666666669,0.09090909090909088,-0.12878787878787873,0.25,0.45454545454545453,2,20.0,3.0,Loss,Loss,Uruguay,Netherlands,0.4166666666666667,0.5454545454545454,SouthAfrica-2010
125,2010-07-07,-5.0,0.2727272727272727,0.36363636363636365,0.9375,-0.30113636363636365,0.2727272727272727,0.0,2,6.0,1.0,Loss,Loss,Germany,Spain,0.6363636363636364,0.9375,SouthAfrica-2010
126,2010-07-10,-14.0,-0.022727272727272707,0.16666666666666669,0.36363636363636365,-0.21969696969696967,0.25,0.2727272727272727,2,20.0,6.0,Loss,Loss,Uruguay,Germany,0.4166666666666667,0.6363636363636364,SouthAfrica-2010
127,2010-07-11,-2.0,0.45454545454545453,0.09090909090909088,0.9375,-0.3920454545454546,0.45454545454545453,0.0,2,3.0,1.0,Loss,Loss,Netherlands,Spain,0.5454545454545454,0.9375,SouthAfrica-2010
128,2006-06-09,5.0,0.12499999999999997,0.13333333333333336,0.20833333333333334,0.04999999999999999,0.3333333333333333,0.20833333333333334,0,16.0,21.0,Win,Win,Germany,Costa Rica,0.4666666666666667,0.4166666666666667,Germany-2006
129,2006-06-09,15.0,-0.17857142857142858,0.7142857142857143,0.25,0.2857142857142857,0.07142857142857142,0.25,0,22.0,37.0,Loss,Loss,Poland,Ecuador,0.7857142857142857,0.5,Germany-2006
130,2006-06-10,21.0,0.007575757575757583,0.6363636363636364,0.5,0.14393939393939392,0.09090909090909091,0.08333333333333333,0,9.0,30.0,Win,Win,England,Paraguay,0.7272727272727273,0.5833333333333334,Germany-2006
131,2006-06-10,-36.0,-0.19047619047619047,0.32142857142857145,0.16666666666666669,-0.0357142857142857,0.14285714285714285,0.3333333333333333,0,50.0,14.0,Draw,Draw,Trinidad and Tobago,Sweden,0.4642857142857143,0.5,Germany-2006
132,2006-06-10,38.0,-0.0980392156862745,0.23529411764705882,0.1111111111111111,0.02614379084967322,0.23529411764705882,0.3333333333333333,0,4.0,42.0,Win,Win,Argentina,Côte d'Ivoire,0.47058823529411764,0.4444444444444444,Germany-2006
133,2006-06-11,14.0,0.1783216783216783,0.23076923076923078,0.6363636363636364,-0.2272727272727273,0.2692307692307692,0.09090909090909091,0,5.0,19.0,Win,Win,Mexico,IR Iran,0.5,0.7272727272727273,Germany-2006
134,2006-06-11,-51.0,0.0,0.16666666666666669,0.41666666666666663,-0.24999999999999994,0.25,0.25,0,61.0,10.0,Loss,Loss,Angola,Portugal,0.4166666666666667,0.6666666666666666,Germany-2006
135,2006-06-12,-33.0,-0.06666666666666667,0.5,0.4,0.033333333333333326,0.08333333333333333,0.15,0,48.0,15.0,Win,Win,Australia,Japan,0.5833333333333334,0.55,Germany-2006
136,2006-06-12,-6.0,0.2,0.45,0.75,-0.09999999999999998,0.2,0.0,0,8.0,2.0,Loss,Loss,USA,Czech Republic,0.65,0.75,Germany-2006
137,2006-06-12,38.0,0.08653846153846156,0.07692307692307687,0.25,-0.08653846153846156,0.46153846153846156,0.375,0,12.0,50.0,Win,Win,Italy,Ghana,0.5384615384615384,0.625,Germany-2006
138,2006-06-13,27.0,0.2222222222222222,0.05555555555555558,0.5555555555555556,-0.27777777777777773,0.3333333333333333,0.1111111111111111,0,29.0,56.0,Win,Win,Korea Republic,Togo,0.3888888888888889,0.6666666666666666,Germany-2006
139,2006-06-13,30.0,0.09090909090909088,0.09090909090909088,0.18181818181818177,0.0,0.45454545454545453,0.36363636363636365,0,5.0,35.0,Draw,Draw,France,Switzerland,0.5454545454545454,0.5454545454545454,Germany-2006
140,2006-06-13,19.0,-0.15000000000000002,0.375,0.09999999999999998,0.125,0.25,0.4,0,1.0,20.0,Win,Win,Brazil,Croatia,0.625,0.5,Germany-2006
141,2006-06-14,35.0,0.033333333333333326,0.3333333333333333,0.3,0.06666666666666665,0.3333333333333333,0.3,0,5.0,40.0,Win,Win,Spain,Ukraine,0.6666666666666666,0.6,Germany-2006
142,2006-06-14,5.0,-0.08333333333333334,0.5,0.1875,0.22916666666666663,0.16666666666666666,0.25,0,28.0,33.0,Draw,Draw,Tunisia,Saudi Arabia,0.6666666666666666,0.4375,Germany-2006
143,2006-06-14,6.0,0.26190476190476186,0.13333333333333336,0.7142857142857143,-0.319047619047619,0.3333333333333333,0.07142857142857142,0,16.0,22.0,Win,Win,Germany,Poland,0.4666666666666667,0.7857142857142857,Germany-2006
144,2006-06-15,-16.0,0.04166666666666666,0.25,0.20833333333333334,0.08333333333333331,0.25,0.20833333333333334,0,37.0,21.0,Win,Win,Ecuador,Costa Rica,0.5,0.4166666666666667,Germany-2006
145,2006-06-15,41.0,-0.05194805194805194,0.6363636363636364,0.32142857142857145,0.262987012987013,0.09090909090909091,0.14285714285714285,0,9.0,50.0,Win,Win,England,Trinidad and Tobago,0.7272727272727273,0.4642857142857143,Germany-2006
146,2006-06-15,16.0,0.25,0.16666666666666669,0.5,-0.08333333333333337,0.3333333333333333,0.08333333333333333,0,14.0,30.0,Win,Win,Sweden,Paraguay,0.5,0.5833333333333334,Germany-2006
147,2006-06-16,39.0,-0.06060606060606061,0.36363636363636365,0.1111111111111111,0.19191919191919193,0.2727272727272727,0.3333333333333333,0,3.0,42.0,Win,Win,Netherlands,Côte d'Ivoire,0.6363636363636364,0.4444444444444444,Germany-2006
148,2006-06-16,56.0,0.019230769230769218,0.23076923076923078,0.16666666666666669,0.08333333333333331,0.2692307692307692,0.25,0,5.0,61.0,Draw,Draw,Mexico,Angola,0.5,0.4166666666666667,Germany-2006
149,2006-06-17,9.0,0.1590909090909091,0.41666666666666663,0.6363636363636364,-0.06060606060606066,0.25,0.09090909090909091,0,10.0,19.0,Win,Win,Portugal,IR Iran,0.6666666666666666,0.7272727272727273,Germany-2006
150,2006-06-17,48.0,-0.375,0.75,0.25,0.125,0.0,0.375,0,2.0,50.0,Loss,Loss,Czech Republic,Ghana,0.75,0.625,Germany-2006
151,2006-06-17,-4.0,0.26153846153846155,0.07692307692307687,0.45,-0.11153846153846159,0.46153846153846156,0.2,0,12.0,8.0,Draw,Draw,Italy,USA,0.5384615384615384,0.65,Germany-2006
152,2006-06-18,5.0,-0.25,0.4,0.09999999999999998,0.050000000000000044,0.15,0.4,0,15.0,20.0,Draw,Draw,Japan,Croatia,0.55,0.5,Germany-2006
153,2006-06-18,47.0,0.16666666666666669,0.375,0.5,0.04166666666666663,0.25,0.08333333333333333,0,1.0,48.0,Win,Win,Brazil,Australia,0.625,0.5833333333333334,Germany-2006
154,2006-06-18,24.0,0.12121212121212122,0.09090909090909088,0.05555555555555558,0.15656565656565652,0.45454545454545453,0.3333333333333333,0,5.0,29.0,Draw,Draw,France,Korea Republic,0.5454545454545454,0.3888888888888889,Germany-2006
155,2006-06-19,-21.0,-0.25252525252525254,0.5555555555555556,0.18181818181818177,0.12121212121212122,0.1111111111111111,0.36363636363636365,0,56.0,35.0,Loss,Loss,Togo,Switzerland,0.6666666666666666,0.5454545454545454,Germany-2006
156,2006-06-19,7.0,-0.04999999999999999,0.1875,0.3,-0.16249999999999998,0.25,0.3,0,33.0,40.0,Loss,Loss,Saudi Arabia,Ukraine,0.4375,0.6,Germany-2006
157,2006-06-19,23.0,0.16666666666666666,0.3333333333333333,0.5,0.0,0.3333333333333333,0.16666666666666666,0,5.0,28.0,Win,Win,Spain,Tunisia,0.6666666666666666,0.6666666666666666,Germany-2006
158,2006-06-20,-21.0,-0.08333333333333331,0.25,0.13333333333333336,0.033333333333333326,0.25,0.3333333333333333,0,37.0,16.0,Loss,Loss,Ecuador,Germany,0.5,0.4666666666666667,Germany-2006
159,2006-06-20,1.0,0.13690476190476192,0.20833333333333334,0.7142857142857143,-0.369047619047619,0.20833333333333334,0.07142857142857142,0,21.0,22.0,Loss,Loss,Costa Rica,Poland,0.4166666666666667,0.7857142857142857,Germany-2006
160,2006-06-20,-5.0,0.2424242424242424,0.16666666666666669,0.6363636363636364,-0.2272727272727273,0.3333333333333333,0.09090909090909091,0,14.0,9.0,Draw,Draw,Sweden,England,0.5,0.7272727272727273,Germany-2006
161,2006-06-20,20.0,-0.05952380952380952,0.5,0.32142857142857145,0.11904761904761907,0.08333333333333333,0.14285714285714285,0,30.0,50.0,Win,Win,Paraguay,Trinidad and Tobago,0.5833333333333334,0.4642857142857143,Germany-2006
162,2006-06-21,42.0,-0.1590909090909091,0.6363636363636364,0.16666666666666669,0.3106060606060606,0.09090909090909091,0.25,0,19.0,61.0,Draw,Draw,IR Iran,Angola,0.7272727272727273,0.4166666666666667,Germany-2006
163,2006-06-21,-5.0,-0.019230769230769218,0.41666666666666663,0.23076923076923078,0.16666666666666663,0.25,0.2692307692307692,0,10.0,5.0,Win,Win,Portugal,Mexico,0.6666666666666666,0.5,Germany-2006
164,2006-06-21,1.0,0.03743315508021389,0.36363636363636365,0.23529411764705882,0.1657754010695187,0.2727272727272727,0.23529411764705882,0,3.0,4.0,Draw,Draw,Netherlands,Argentina,0.6363636363636364,0.47058823529411764,Germany-2006
165,2006-06-22,10.0,-0.46153846153846156,0.75,0.07692307692307687,0.21153846153846156,0.0,0.46153846153846156,0,2.0,12.0,Loss,Loss,Czech Republic,Italy,0.75,0.5384615384615384,Germany-2006
166,2006-06-22,-42.0,0.175,0.25,0.45,-0.025000000000000022,0.375,0.2,0,50.0,8.0,Win,Win,Ghana,USA,0.625,0.65,Germany-2006
167,2006-06-22,-14.0,-0.1,0.4,0.375,-0.07499999999999996,0.15,0.25,0,15.0,1.0,Loss,Loss,Japan,Brazil,0.55,0.625,Germany-2006
168,2006-06-22,28.0,0.3166666666666667,0.09999999999999998,0.5,-0.08333333333333337,0.4,0.08333333333333333,0,20.0,48.0,Draw,Draw,Croatia,Australia,0.5,0.5833333333333334,Germany-2006
169,2006-06-23,-12.0,0.13333333333333333,0.3,0.5,-0.06666666666666665,0.3,0.16666666666666666,0,40.0,28.0,Win,Win,Ukraine,Tunisia,0.6,0.6666666666666666,Germany-2006
170,2006-06-23,-28.0,-0.08333333333333331,0.1875,0.3333333333333333,-0.22916666666666663,0.25,0.3333333333333333,0,33.0,5.0,Loss,Loss,Saudi Arabia,Spain,0.4375,0.6666666666666666,Germany-2006
171,2006-06-23,-51.0,-0.3434343434343434,0.5555555555555556,0.09090909090909088,0.12121212121212122,0.1111111111111111,0.45454545454545453,0,56.0,5.0,Loss,Loss,Togo,France,0.6666666666666666,0.5454545454545454,Germany-2006
172,2006-06-23,-6.0,0.03030303030303033,0.18181818181818177,0.05555555555555558,0.15656565656565652,0.36363636363636365,0.3333333333333333,0,35.0,29.0,Win,Win,Switzerland,Korea Republic,0.5454545454545454,0.3888888888888889,Germany-2006
173,2006-06-24,-2.0,0.0,0.13333333333333336,0.16666666666666669,-0.033333333333333326,0.3333333333333333,0.3333333333333333,1,16.0,14.0,Win,Win,Germany,Sweden,0.4666666666666667,0.5,Germany-2006
174,2006-06-24,1.0,-0.0339366515837104,0.23529411764705882,0.23076923076923078,-0.02941176470588236,0.23529411764705882,0.2692307692307692,1,4.0,5.0,Win,Win,Argentina,Mexico,0.47058823529411764,0.5,Germany-2006
175,2006-06-25,28.0,-0.1590909090909091,0.6363636363636364,0.25,0.2272727272727273,0.09090909090909091,0.25,1,9.0,37.0,Win,Win,England,Ecuador,0.7272727272727273,0.5,Germany-2006
176,2006-06-25,-7.0,-0.022727272727272707,0.41666666666666663,0.36363636363636365,0.030303030303030276,0.25,0.2727272727272727,1,10.0,3.0,Win,Win,Portugal,Netherlands,0.6666666666666666,0.6363636363636364,Germany-2006
177,2006-06-26,36.0,0.37820512820512825,0.07692307692307687,0.5,-0.044871794871794934,0.46153846153846156,0.08333333333333333,1,12.0,48.0,Win,Win,Italy,Australia,0.5384615384615384,0.5833333333333334,Germany-2006
178,2006-06-26,5.0,0.06363636363636366,0.18181818181818177,0.3,-0.054545454545454564,0.36363636363636365,0.3,1,35.0,40.0,Draw,Loss,Switzerland,Ukraine,0.5454545454545454,0.6,Germany-2006
179,2006-06-27,49.0,-0.125,0.375,0.25,0.0,0.25,0.375,1,1.0,50.0,Win,Win,Brazil,Ghana,0.625,0.625,Germany-2006
180,2006-06-27,0.0,-0.12121212121212122,0.3333333333333333,0.09090909090909088,0.12121212121212122,0.3333333333333333,0.45454545454545453,1,5.0,5.0,Loss,Loss,Spain,France,0.6666666666666666,0.5454545454545454,Germany-2006
181,2006-06-30,-12.0,0.0980392156862745,0.13333333333333336,0.23529411764705882,-0.0039215686274509665,0.3333333333333333,0.23529411764705882,2,16.0,4.0,Draw,Win,Germany,Argentina,0.4666666666666667,0.47058823529411764,Germany-2006
182,2006-06-30,28.0,0.16153846153846158,0.07692307692307687,0.3,-0.06153846153846154,0.46153846153846156,0.3,2,12.0,40.0,Win,Win,Italy,Ukraine,0.5384615384615384,0.6,Germany-2006
183,2006-07-01,1.0,-0.1590909090909091,0.6363636363636364,0.41666666666666663,0.06060606060606066,0.09090909090909091,0.25,2,9.0,10.0,Draw,Loss,England,Portugal,0.7272727272727273,0.6666666666666666,Germany-2006
184,2006-07-01,4.0,-0.20454545454545453,0.375,0.09090909090909088,0.07954545454545459,0.25,0.45454545454545453,2,1.0,5.0,Loss,Loss,Brazil,France,0.625,0.5454545454545454,Germany-2006
185,2006-07-04,-4.0,-0.12820512820512825,0.13333333333333336,0.07692307692307687,-0.07179487179487176,0.3333333333333333,0.46153846153846156,2,16.0,12.0,Loss,Loss,Germany,Italy,0.4666666666666667,0.5384615384615384,Germany-2006
186,2006-07-05,-5.0,-0.20454545454545453,0.41666666666666663,0.09090909090909088,0.12121212121212122,0.25,0.45454545454545453,2,10.0,5.0,Loss,Loss,Portugal,France,0.6666666666666666,0.5454545454545454,Germany-2006
187,2006-07-08,-6.0,0.08333333333333331,0.13333333333333336,0.41666666666666663,-0.19999999999999996,0.3333333333333333,0.25,2,16.0,10.0,Win,Win,Germany,Portugal,0.4666666666666667,0.6666666666666666,Germany-2006
188,2006-07-09,-7.0,0.006993006993007034,0.07692307692307687,0.09090909090909088,-0.006993006993006978,0.46153846153846156,0.45454545454545453,2,12.0,5.0,Draw,Win,Italy,France,0.5384615384615384,0.5454545454545454,Germany-2006
189,2002-05-31,64.0,-0.06593406593406592,0.6153846153846154,0.5,0.049450549450549386,0.07692307692307693,0.14285714285714285,0,1.0,65.0,Loss,Loss,France,Senegal,0.6923076923076923,0.6428571428571429,Korea/Japan-2002
190,2002-06-01,-4.0,0.021390374331550832,0.11764705882352938,0.2727272727272727,-0.1336898395721925,0.29411764705882354,0.2727272727272727,0,22.0,18.0,Loss,Loss,Uruguay,Denmark,0.4117647058823529,0.5454545454545454,Korea/Japan-2002
191,2002-06-01,21.0,-0.04999999999999999,0.49999999999999994,0.25,0.19999999999999996,0.2,0.25,0,17.0,38.0,Draw,Draw,Republic of Ireland,Cameroon,0.7,0.5,Korea/Japan-2002
192,2002-06-01,19.0,0.14229249011857706,0.2727272727272727,0.5652173913043478,-0.15019762845849804,0.2727272727272727,0.13043478260869565,0,12.0,31.0,Win,Win,Germany,Saudi Arabia,0.5454545454545454,0.6956521739130435,Korea/Japan-2002
193,2002-06-02,38.0,0.025641025641025605,0.3333333333333333,0.23076923076923073,0.1282051282051282,0.3333333333333333,0.3076923076923077,0,2.0,40.0,Win,Win,Argentina,Nigeria,0.6666666666666666,0.5384615384615384,Korea/Japan-2002
194,2002-06-02,22.0,0.0,0.0,0.2142857142857143,-0.2142857142857143,0.2857142857142857,0.2857142857142857,0,13.0,35.0,Draw,Draw,Paraguay,South Africa,0.2857142857142857,0.5,Korea/Japan-2002
195,2002-06-02,6.0,-0.03529411764705881,0.49999999999999994,0.4705882352941177,-0.005882352941176561,0.2,0.23529411764705882,0,10.0,16.0,Draw,Draw,England,Sweden,0.7,0.7058823529411765,Korea/Japan-2002
196,2002-06-02,18.0,-0.3055555555555556,0.6666666666666667,0.0,0.3611111111111111,0.1111111111111111,0.4166666666666667,0,7.0,25.0,Win,Win,Spain,Slovenia,0.7777777777777778,0.4166666666666667,Korea/Japan-2002
197,2002-06-03,20.0,-0.1333333333333333,0.2,0.16666666666666669,-0.09999999999999998,0.2,0.3333333333333333,0,3.0,23.0,Win,Win,Brazil,Turkey,0.4,0.5,Korea/Japan-2002
198,2002-06-03,31.0,-0.13492063492063494,0.4444444444444444,0.0714285714285714,0.23809523809523808,0.2222222222222222,0.35714285714285715,0,6.0,37.0,Win,Win,Italy,Ecuador,0.6666666666666666,0.42857142857142855,Korea/Japan-2002
199,2002-06-03,-10.0,0.2154882154882155,0.18181818181818177,0.25925925925925924,0.13804713804713803,0.36363636363636365,0.14814814814814814,0,19.0,9.0,Loss,Loss,Croatia,Mexico,0.5454545454545454,0.4074074074074074,Korea/Japan-2002
200,2002-06-04,-24.0,-0.06832298136645962,0.39130434782608703,0.2857142857142857,0.037267080745341685,0.21739130434782608,0.2857142857142857,0,54.0,30.0,Loss,Loss,China PR,Costa Rica,0.6086956521739131,0.5714285714285714,Korea/Japan-2002
201,2002-06-04,-14.0,0.03076923076923077,0.23076923076923078,0.39999999999999997,-0.1384615384615384,0.23076923076923078,0.2,0,34.0,20.0,Draw,Draw,Japan,Belgium,0.46153846153846156,0.6,Korea/Japan-2002
202,2002-06-04,-9.0,-0.20454545454545453,0.25,0.0,0.04545454545454547,0.25,0.45454545454545453,0,42.0,33.0,Win,Win,Korea Republic,Poland,0.5,0.45454545454545453,Korea/Japan-2002
203,2002-06-05,7.0,0.196969696969697,0.18181818181818177,0.5,-0.12121212121212122,0.36363636363636365,0.16666666666666666,0,21.0,28.0,Win,Win,Russia,Tunisia,0.5454545454545454,0.6666666666666666,Korea/Japan-2002
204,2002-06-05,-20.0,0.0,0.2,0.49999999999999994,-0.29999999999999993,0.2,0.2,0,24.0,4.0,Win,Win,USA,Portugal,0.4,0.7,Korea/Japan-2002
205,2002-06-05,5.0,0.0727272727272727,0.2727272727272727,0.49999999999999994,-0.15454545454545454,0.2727272727272727,0.2,0,12.0,17.0,Draw,Draw,Germany,Republic of Ireland,0.5454545454545454,0.7,Korea/Japan-2002
206,2002-06-06,47.0,0.12987012987012986,0.2727272727272727,0.5,-0.09740259740259749,0.2727272727272727,0.14285714285714285,0,18.0,65.0,Draw,Draw,Denmark,Senegal,0.5454545454545454,0.6428571428571429,Korea/Japan-2002
207,2002-06-06,-7.0,0.11956521739130435,0.25,0.5652173913043478,-0.19565217391304346,0.25,0.13043478260869565,0,38.0,31.0,Win,Win,Cameroon,Saudi Arabia,0.5,0.6956521739130435,Korea/Japan-2002
208,2002-06-06,21.0,-0.2171945701357466,0.6153846153846154,0.11764705882352938,0.28054298642533937,0.07692307692307693,0.29411764705882354,0,1.0,22.0,Draw,Draw,France,Uruguay,0.6923076923076923,0.4117647058823529,Korea/Japan-2002
209,2002-06-07,24.0,-0.07239819004524889,0.4705882352941177,0.23076923076923073,0.16742081447963808,0.23529411764705882,0.3076923076923077,0,16.0,40.0,Win,Win,Sweden,Nigeria,0.7058823529411765,0.5384615384615384,Korea/Japan-2002
210,2002-06-07,8.0,0.1333333333333333,0.3333333333333333,0.49999999999999994,-0.033333333333333326,0.3333333333333333,0.2,0,2.0,10.0,Loss,Loss,Argentina,England,0.6666666666666666,0.7,Korea/Japan-2002
211,2002-06-07,6.0,-0.1746031746031746,0.6666666666666667,0.0,0.4920634920634921,0.1111111111111111,0.2857142857142857,0,7.0,13.0,Win,Win,Spain,Paraguay,0.7777777777777778,0.2857142857142857,Korea/Japan-2002
212,2002-06-08,-10.0,-0.130952380952381,0.2142857142857143,0.0,0.08333333333333331,0.2857142857142857,0.4166666666666667,0,35.0,25.0,Win,Win,South Africa,Slovenia,0.5,0.4166666666666667,Korea/Japan-2002
213,2002-06-08,51.0,-0.01739130434782607,0.2,0.39130434782608703,-0.20869565217391306,0.2,0.21739130434782608,0,3.0,54.0,Win,Win,Brazil,China PR,0.4,0.6086956521739131,Korea/Japan-2002
214,2002-06-08,13.0,-0.14141414141414144,0.4444444444444444,0.18181818181818177,0.12121212121212122,0.2222222222222222,0.36363636363636365,0,6.0,19.0,Loss,Loss,Italy,Croatia,0.6666666666666666,0.5454545454545454,Korea/Japan-2002
215,2002-06-09,-7.0,-0.047619047619047616,0.2857142857142857,0.16666666666666669,0.0714285714285714,0.2857142857142857,0.3333333333333333,0,30.0,23.0,Draw,Draw,Costa Rica,Turkey,0.5714285714285714,0.5,Korea/Japan-2002
216,2002-06-09,-13.0,-0.13286713286713286,0.23076923076923078,0.18181818181818177,-0.08391608391608385,0.23076923076923078,0.36363636363636365,0,34.0,21.0,Win,Win,Japan,Russia,0.46153846153846156,0.5454545454545454,Korea/Japan-2002
217,2002-06-09,28.0,-0.208994708994709,0.25925925925925924,0.0714285714285714,-0.021164021164021163,0.14814814814814814,0.35714285714285715,0,9.0,37.0,Win,Win,Mexico,Ecuador,0.4074074074074074,0.42857142857142855,Korea/Japan-2002
218,2002-06-10,-18.0,0.04999999999999999,0.25,0.2,0.09999999999999998,0.25,0.2,0,42.0,24.0,Draw,Draw,Korea Republic,USA,0.5,0.4,Korea/Japan-2002
219,2002-06-10,29.0,-0.2545454545454545,0.49999999999999994,0.0,0.24545454545454543,0.2,0.45454545454545453,0,4.0,33.0,Win,Win,Portugal,Poland,0.7,0.45454545454545453,Korea/Japan-2002
220,2002-06-10,-8.0,-0.033333333333333354,0.5,0.39999999999999997,0.06666666666666665,0.16666666666666666,0.2,0,28.0,20.0,Draw,Draw,Tunisia,Belgium,0.6666666666666666,0.6,Korea/Japan-2002
221,2002-06-11,-17.0,0.19580419580419578,0.2727272727272727,0.6153846153846154,-0.14685314685314688,0.2727272727272727,0.07692307692307693,0,18.0,1.0,Win,Win,Denmark,France,0.5454545454545454,0.6923076923076923,Korea/Japan-2002
222,2002-06-11,-43.0,-0.1512605042016807,0.5,0.11764705882352938,0.23109243697478998,0.14285714285714285,0.29411764705882354,0,65.0,22.0,Draw,Draw,Senegal,Uruguay,0.6428571428571429,0.4117647058823529,Korea/Japan-2002
223,2002-06-11,-14.0,-0.06956521739130436,0.5652173913043478,0.49999999999999994,-0.004347826086956497,0.13043478260869565,0.2,0,31.0,17.0,Loss,Loss,Saudi Arabia,Republic of Ireland,0.6956521739130435,0.7,Korea/Japan-2002
224,2002-06-11,-26.0,-0.022727272727272707,0.25,0.2727272727272727,-0.045454545454545414,0.25,0.2727272727272727,0,38.0,12.0,Loss,Loss,Cameroon,Germany,0.5,0.5454545454545454,Korea/Japan-2002
225,2002-06-12,-14.0,-0.0980392156862745,0.4705882352941177,0.3333333333333333,0.03921568627450989,0.23529411764705882,0.3333333333333333,0,16.0,2.0,Draw,Draw,Sweden,Argentina,0.7058823529411765,0.6666666666666666,Korea/Japan-2002
226,2002-06-12,-30.0,0.1076923076923077,0.23076923076923073,0.49999999999999994,-0.16153846153846152,0.3076923076923077,0.2,0,40.0,10.0,Draw,Draw,Nigeria,England,0.5384615384615384,0.7,Korea/Japan-2002
227,2002-06-12,-12.0,0.130952380952381,0.0,0.0,0.130952380952381,0.4166666666666667,0.2857142857142857,0,25.0,13.0,Loss,Loss,Slovenia,Paraguay,0.4166666666666667,0.2857142857142857,Korea/Japan-2002
228,2002-06-12,-28.0,0.1746031746031746,0.2142857142857143,0.6666666666666667,-0.2777777777777778,0.2857142857142857,0.1111111111111111,0,35.0,7.0,Loss,Loss,South Africa,Spain,0.5,0.7777777777777778,Korea/Japan-2002
229,2002-06-13,-27.0,0.08571428571428569,0.2857142857142857,0.2,0.17142857142857137,0.2857142857142857,0.2,0,30.0,3.0,Loss,Loss,Costa Rica,Brazil,0.5714285714285714,0.4,Korea/Japan-2002
230,2002-06-13,31.0,0.11594202898550723,0.16666666666666669,0.39130434782608703,-0.10869565217391308,0.3333333333333333,0.21739130434782608,0,23.0,54.0,Win,Win,Turkey,China PR,0.5,0.6086956521739131,Korea/Japan-2002
231,2002-06-13,-18.0,-0.006493506493506496,0.0714285714285714,0.18181818181818177,-0.11688311688311687,0.35714285714285715,0.36363636363636365,0,37.0,19.0,Win,Win,Ecuador,Croatia,0.42857142857142855,0.5454545454545454,Korea/Japan-2002
232,2002-06-13,-3.0,-0.07407407407407407,0.25925925925925924,0.4444444444444444,-0.25925925925925924,0.14814814814814814,0.2222222222222222,0,9.0,6.0,Draw,Draw,Mexico,Italy,0.4074074074074074,0.6666666666666666,Korea/Japan-2002
233,2002-06-14,6.0,-0.06410256410256412,0.5,0.23076923076923078,0.20512820512820507,0.16666666666666666,0.23076923076923078,0,28.0,34.0,Loss,Loss,Tunisia,Japan,0.6666666666666666,0.46153846153846156,Korea/Japan-2002
234,2002-06-14,38.0,-0.04999999999999999,0.49999999999999994,0.25,0.19999999999999996,0.2,0.25,0,4.0,42.0,Loss,Loss,Portugal,Korea Republic,0.7,0.5,Korea/Japan-2002
235,2002-06-14,-9.0,0.2545454545454545,0.0,0.2,0.05454545454545451,0.45454545454545453,0.2,0,33.0,24.0,Win,Win,Poland,USA,0.45454545454545453,0.4,Korea/Japan-2002
236,2002-06-14,1.0,-0.16363636363636364,0.39999999999999997,0.18181818181818177,0.054545454545454564,0.2,0.36363636363636365,0,20.0,21.0,Win,Win,Belgium,Russia,0.6,0.5454545454545454,Korea/Japan-2002
237,2002-06-15,-8.0,0.0727272727272727,0.2727272727272727,0.49999999999999994,-0.15454545454545454,0.2727272727272727,0.2,1,18.0,10.0,Loss,Loss,Denmark,England,0.5454545454545454,0.7,Korea/Japan-2002
238,2002-06-15,1.0,-0.012987012987012991,0.2727272727272727,0.0,0.2597402597402597,0.2727272727272727,0.2857142857142857,1,12.0,13.0,Win,Win,Germany,Paraguay,0.5454545454545454,0.2857142857142857,Korea/Japan-2002
239,2002-06-16,10.0,-0.0888888888888889,0.6666666666666667,0.49999999999999994,0.07777777777777783,0.1111111111111111,0.2,1,7.0,17.0,Draw,Win,Spain,Republic of Ireland,0.7777777777777778,0.7,Korea/Japan-2002
240,2002-06-16,49.0,0.09243697478991597,0.4705882352941177,0.5,0.06302521008403361,0.23529411764705882,0.14285714285714285,1,16.0,65.0,Loss,Loss,Sweden,Senegal,0.7058823529411765,0.6428571428571429,Korea/Japan-2002
241,2002-06-17,17.0,0.0,0.2,0.39999999999999997,-0.19999999999999996,0.2,0.2,1,3.0,20.0,Win,Win,Brazil,Belgium,0.4,0.6,Korea/Japan-2002
242,2002-06-17,15.0,-0.05185185185185187,0.25925925925925924,0.2,0.007407407407407363,0.14814814814814814,0.2,1,9.0,24.0,Loss,Loss,Mexico,USA,0.4074074074074074,0.4,Korea/Japan-2002
243,2002-06-18,-11.0,-0.10256410256410253,0.23076923076923078,0.16666666666666669,-0.038461538461538436,0.23076923076923078,0.3333333333333333,1,34.0,23.0,Loss,Loss,Japan,Turkey,0.46153846153846156,0.5,Korea/Japan-2002
244,2002-06-18,-36.0,0.02777777777777779,0.25,0.4444444444444444,-0.16666666666666663,0.25,0.2222222222222222,1,42.0,6.0,Win,Win,Korea Republic,Italy,0.5,0.6666666666666666,Korea/Japan-2002
245,2002-06-21,-7.0,0.0,0.49999999999999994,0.2,0.29999999999999993,0.2,0.2,2,10.0,3.0,Loss,Loss,England,Brazil,0.7,0.4,Korea/Japan-2002
246,2002-06-21,12.0,0.0727272727272727,0.2727272727272727,0.2,0.1454545454545454,0.2727272727272727,0.2,2,12.0,24.0,Win,Win,Germany,USA,0.5454545454545454,0.4,Korea/Japan-2002
247,2002-06-22,-42.0,-0.19047619047619047,0.5,0.16666666666666669,0.1428571428571429,0.14285714285714285,0.3333333333333333,2,65.0,23.0,Loss,Loss,Senegal,Turkey,0.6428571428571429,0.5,Korea/Japan-2002
248,2002-06-22,35.0,-0.1388888888888889,0.6666666666666667,0.25,0.2777777777777778,0.1111111111111111,0.25,2,7.0,42.0,Draw,Loss,Spain,Korea Republic,0.7777777777777778,0.5,Korea/Japan-2002
249,2002-06-25,30.0,0.022727272727272707,0.2727272727272727,0.25,0.045454545454545414,0.2727272727272727,0.25,2,12.0,42.0,Win,Win,Germany,Korea Republic,0.5454545454545454,0.5,Korea/Japan-2002
250,2002-06-26,20.0,-0.1333333333333333,0.2,0.16666666666666669,-0.09999999999999998,0.2,0.3333333333333333,2,3.0,23.0,Win,Win,Brazil,Turkey,0.4,0.5,Korea/Japan-2002
251,2002-06-29,-19.0,-0.08333333333333331,0.25,0.16666666666666669,0.0,0.25,0.3333333333333333,2,42.0,23.0,Loss,Loss,Korea Republic,Turkey,0.5,0.5,Korea/Japan-2002
252,2002-06-30,-9.0,0.0727272727272727,0.2727272727272727,0.2,0.1454545454545454,0.2727272727272727,0.2,2,12.0,3.0,Loss,Loss,Germany,Brazil,0.5454545454545454,0.4,Korea/Japan-2002
253,1998-06-10,36.0,0.024999999999999994,0.7083333333333334,0.5,0.2333333333333334,0.125,0.1,0,1.0,37.0,Win,Win,Brazil,Scotland,0.8333333333333334,0.6,France-1998
254,1998-06-10,-2.0,-0.08333333333333334,0.5833333333333334,0.33333333333333337,0.16666666666666663,0.16666666666666666,0.25,0,15.0,13.0,Draw,Draw,Morocco,Norway,0.75,0.5833333333333334,France-1998
255,1998-06-11,7.0,0.38235294117647056,-0.08333333333333331,0.3529411764705882,-0.053921568627450955,0.5,0.11764705882352941,0,9.0,16.0,Draw,Draw,Italy,Chile,0.4166666666666667,0.47058823529411764,France-1998
256,1998-06-11,-28.0,0.3684210526315789,0.0,0.75,-0.3815789473684211,0.3684210526315789,0.0,0,53.0,25.0,Draw,Draw,Cameroon,Austria,0.3684210526315789,0.75,France-1998
257,1998-06-12,7.0,0.125,0.375,0.6666666666666666,-0.16666666666666663,0.125,0.0,0,29.0,36.0,Draw,Draw,Paraguay,Bulgaria,0.5,0.6666666666666666,France-1998
258,1998-06-12,-25.0,-0.11594202898550723,0.39130434782608703,0.16666666666666669,0.10869565217391308,0.21739130434782608,0.3333333333333333,0,33.0,8.0,Loss,Loss,Saudi Arabia,Denmark,0.6086956521739131,0.5,France-1998
259,1998-06-12,25.0,0.09615384615384615,0.375,0.07692307692307693,0.3942307692307692,0.25,0.15384615384615385,0,6.0,31.0,Win,Win,France,South Africa,0.625,0.23076923076923078,France-1998
260,1998-06-13,60.0,0.1111111111111111,0.3333333333333333,0.2222222222222222,0.2222222222222222,0.3333333333333333,0.2222222222222222,0,11.0,71.0,Loss,Loss,Spain,Nigeria,0.6666666666666666,0.4444444444444444,France-1998
261,1998-06-13,-22.0,-0.18260869565217394,0.4347826086956522,-0.040000000000000036,0.2921739130434783,0.21739130434782608,0.4,0,27.0,5.0,Loss,Loss,Korea Republic,Mexico,0.6521739130434783,0.36,France-1998
262,1998-06-13,19.0,0.01785714285714285,0.42857142857142855,0.5,-0.0535714285714286,0.14285714285714285,0.125,0,22.0,41.0,Draw,Draw,Netherlands,Belgium,0.5714285714285714,0.625,France-1998
263,1998-06-14,-3.0,0.038961038961038974,0.14285714285714285,0.18181818181818182,0.0,0.35714285714285715,0.3181818181818182,0,17.0,14.0,Win,Win,Argentina,Japan,0.5,0.5,France-1998
264,1998-06-14,-20.0,0.007407407407407363,0.07407407407407407,0.0,0.08148148148148143,0.4074074074074074,0.4,0,39.0,19.0,Loss,Loss,Jamaica,Croatia,0.48148148148148145,0.4,France-1998
265,1998-06-15,19.0,-0.05194805194805194,0.6363636363636364,0.5,0.08441558441558439,0.09090909090909091,0.14285714285714285,0,4.0,23.0,Win,Win,England,Tunisia,0.7272727272727273,0.6428571428571429,France-1998
266,1998-06-15,3.0,0.0,0.4444444444444444,0.05555555555555558,0.38888888888888884,0.2222222222222222,0.2222222222222222,0,7.0,10.0,Win,Win,Romania,Colombia,0.6666666666666666,0.2777777777777778,France-1998
267,1998-06-15,24.0,-0.1895424836601307,0.5555555555555556,-0.11764705882352938,0.48366013071895425,0.2222222222222222,0.4117647058823529,0,2.0,26.0,Win,Win,Germany,USA,0.7777777777777778,0.29411764705882354,France-1998
268,1998-06-16,-24.0,-0.15,0.5,0.33333333333333337,0.016666666666666607,0.1,0.25,0,37.0,13.0,Draw,Draw,Scotland,Norway,0.6,0.5833333333333334,France-1998
269,1998-06-16,14.0,-0.04166666666666666,0.7083333333333334,0.5833333333333334,0.08333333333333337,0.125,0.16666666666666666,0,1.0,15.0,Win,Win,Brazil,Morocco,0.8333333333333334,0.75,France-1998
270,1998-06-17,9.0,0.11764705882352941,0.3529411764705882,0.75,-0.27941176470588236,0.11764705882352941,0.0,0,16.0,25.0,Draw,Draw,Chile,Austria,0.47058823529411764,0.75,France-1998
271,1998-06-17,44.0,0.13157894736842107,-0.08333333333333331,0.0,0.04824561403508776,0.5,0.3684210526315789,0,9.0,53.0,Win,Win,Italy,Cameroon,0.4166666666666667,0.3684210526315789,France-1998
272,1998-06-18,-23.0,-0.17948717948717946,0.07692307692307693,0.16666666666666669,-0.2692307692307692,0.15384615384615385,0.3333333333333333,0,31.0,8.0,Draw,Draw,South Africa,Denmark,0.23076923076923078,0.5,France-1998
273,1998-06-18,27.0,0.03260869565217392,0.375,0.39130434782608703,0.016304347826086918,0.25,0.21739130434782608,0,6.0,33.0,Win,Win,France,Saudi Arabia,0.625,0.6086956521739131,France-1998
274,1998-06-19,-35.0,0.2222222222222222,0.2222222222222222,0.6666666666666666,-0.2222222222222222,0.2222222222222222,0.0,0,71.0,36.0,Win,Win,Nigeria,Bulgaria,0.4444444444444444,0.6666666666666666,France-1998
275,1998-06-19,18.0,0.20833333333333331,0.3333333333333333,0.375,0.16666666666666663,0.3333333333333333,0.125,0,11.0,29.0,Draw,Draw,Spain,Paraguay,0.6666666666666666,0.5,France-1998
276,1998-06-20,5.0,-0.08181818181818185,0.18181818181818182,0.0,0.09999999999999998,0.3181818181818182,0.4,0,14.0,19.0,Loss,Loss,Japan,Croatia,0.5,0.4,France-1998
277,1998-06-20,-36.0,-0.275,0.5,-0.040000000000000036,0.265,0.125,0.4,0,41.0,5.0,Draw,Draw,Belgium,Mexico,0.625,0.36,France-1998
278,1998-06-20,5.0,-0.07453416149068323,0.42857142857142855,0.4347826086956522,-0.08074534161490687,0.14285714285714285,0.21739130434782608,0,22.0,27.0,Win,Win,Netherlands,Korea Republic,0.5714285714285714,0.6521739130434783,France-1998
279,1998-06-21,22.0,-0.050264550264550234,0.14285714285714285,0.07407407407407407,0.018518518518518545,0.35714285714285715,0.4074074074074074,0,17.0,39.0,Win,Win,Argentina,Jamaica,0.5,0.48148148148148145,France-1998
280,1998-06-21,20.0,0.09358288770053474,-0.11764705882352938,0.18181818181818182,-0.20588235294117646,0.4117647058823529,0.3181818181818182,0,26.0,46.0,Loss,Loss,USA,IR Iran,0.29411764705882354,0.5,France-1998
281,1998-06-22,13.0,0.07936507936507936,0.05555555555555558,0.5,-0.3650793650793651,0.2222222222222222,0.14285714285714285,0,10.0,23.0,Win,Win,Colombia,Tunisia,0.2777777777777778,0.6428571428571429,France-1998
282,1998-06-22,-3.0,0.1313131313131313,0.4444444444444444,0.6363636363636364,-0.06060606060606066,0.2222222222222222,0.09090909090909091,0,7.0,4.0,Win,Win,Romania,England,0.6666666666666666,0.7272727272727273,France-1998
283,1998-06-23,16.0,0.5,-0.08333333333333331,0.75,-0.3333333333333333,0.5,0.0,0,9.0,25.0,Win,Win,Italy,Austria,0.4166666666666667,0.75,France-1998
284,1998-06-23,37.0,-0.25077399380804954,0.3529411764705882,0.0,0.10216718266253871,0.11764705882352941,0.3684210526315789,0,16.0,53.0,Draw,Draw,Chile,Cameroon,0.47058823529411764,0.3684210526315789,France-1998
285,1998-06-23,-22.0,-0.06666666666666665,0.5,0.5833333333333334,-0.15000000000000002,0.1,0.16666666666666666,0,37.0,15.0,Loss,Loss,Scotland,Morocco,0.6,0.75,France-1998
286,1998-06-23,12.0,-0.125,0.7083333333333334,0.33333333333333337,0.25,0.125,0.25,0,1.0,13.0,Loss,Loss,Brazil,Norway,0.8333333333333334,0.5833333333333334,France-1998
287,1998-06-24,2.0,-0.08333333333333331,0.375,0.16666666666666669,0.125,0.25,0.3333333333333333,0,6.0,8.0,Win,Win,France,Denmark,0.625,0.5,France-1998
288,1998-06-24,2.0,-0.06354515050167223,0.07692307692307693,0.39130434782608703,-0.3779264214046823,0.15384615384615385,0.21739130434782608,0,31.0,33.0,Draw,Draw,South Africa,Saudi Arabia,0.23076923076923078,0.6086956521739131,France-1998
289,1998-06-24,25.0,0.3333333333333333,0.3333333333333333,0.6666666666666666,0.0,0.3333333333333333,0.0,0,11.0,36.0,Win,Win,Spain,Bulgaria,0.6666666666666666,0.6666666666666666,France-1998
290,1998-06-24,-42.0,0.09722222222222221,0.2222222222222222,0.375,-0.05555555555555558,0.2222222222222222,0.125,0,71.0,29.0,Loss,Loss,Nigeria,Paraguay,0.4444444444444444,0.5,France-1998
291,1998-06-25,-14.0,-0.09239130434782608,0.5,0.4347826086956522,-0.02717391304347827,0.125,0.21739130434782608,0,41.0,27.0,Draw,Draw,Belgium,Korea Republic,0.625,0.6521739130434783,France-1998
292,1998-06-25,-17.0,-0.2571428571428572,0.42857142857142855,-0.040000000000000036,0.2114285714285714,0.14285714285714285,0.4,0,22.0,5.0,Draw,Draw,Netherlands,Mexico,0.5714285714285714,0.36,France-1998
293,1998-06-25,44.0,-0.09595959595959597,0.5555555555555556,0.18181818181818182,0.2777777777777778,0.2222222222222222,0.3181818181818182,0,2.0,46.0,Win,Win,Germany,IR Iran,0.7777777777777778,0.5,France-1998
294,1998-06-26,25.0,-0.08922558922558921,0.18181818181818182,0.07407407407407407,0.018518518518518545,0.3181818181818182,0.4074074074074074,0,14.0,39.0,Loss,Loss,Japan,Jamaica,0.5,0.48148148148148145,France-1998
295,1998-06-26,2.0,-0.04285714285714287,0.14285714285714285,0.0,0.09999999999999998,0.35714285714285715,0.4,0,17.0,19.0,Win,Win,Argentina,Croatia,0.5,0.4,France-1998
296,1998-06-26,16.0,0.07936507936507936,0.4444444444444444,0.5,0.023809523809523725,0.2222222222222222,0.14285714285714285,0,7.0,23.0,Draw,Draw,Romania,Tunisia,0.6666666666666666,0.6428571428571429,France-1998
297,1998-06-26,-6.0,0.1313131313131313,0.05555555555555558,0.6363636363636364,-0.4494949494949495,0.2222222222222222,0.09090909090909091,0,10.0,4.0,Loss,Loss,Colombia,England,0.2777777777777778,0.7272727272727273,France-1998
298,1998-06-27,4.0,0.25,-0.08333333333333331,0.33333333333333337,-0.16666666666666669,0.5,0.25,1,9.0,13.0,Win,Win,Italy,Norway,0.4166666666666667,0.5833333333333334,France-1998
299,1998-06-27,15.0,0.00735294117647059,0.7083333333333334,0.3529411764705882,0.36274509803921573,0.125,0.11764705882352941,1,1.0,16.0,Win,Win,Brazil,Chile,0.8333333333333334,0.47058823529411764,France-1998
300,1998-06-28,23.0,0.125,0.375,0.375,0.125,0.25,0.125,1,6.0,29.0,Win,Win,France,Paraguay,0.625,0.5,France-1998
301,1998-06-28,-63.0,-0.1111111111111111,0.2222222222222222,0.16666666666666669,-0.05555555555555558,0.2222222222222222,0.3333333333333333,1,71.0,8.0,Loss,Loss,Nigeria,Denmark,0.4444444444444444,0.5,France-1998
302,1998-06-29,3.0,-0.1777777777777778,0.5555555555555556,-0.040000000000000036,0.4177777777777778,0.2222222222222222,0.4,1,2.0,5.0,Win,Win,Germany,Mexico,0.7777777777777778,0.36,France-1998
303,1998-06-30,12.0,-0.1777777777777778,0.4444444444444444,0.0,0.2666666666666666,0.2222222222222222,0.4,1,7.0,19.0,Loss,Loss,Romania,Croatia,0.6666666666666666,0.4,France-1998
304,1998-06-30,-13.0,0.26623376623376627,0.14285714285714285,0.6363636363636364,-0.2272727272727273,0.35714285714285715,0.09090909090909091,1,17.0,4.0,Draw,Win,Argentina,England,0.5,0.7272727272727273,France-1998
305,1998-07-03,-3.0,0.25,-0.08333333333333331,0.375,-0.20833333333333331,0.5,0.25,2,9.0,6.0,Draw,Loss,Italy,France,0.4166666666666667,0.625,France-1998
306,1998-07-03,7.0,-0.20833333333333331,0.7083333333333334,0.16666666666666669,0.33333333333333337,0.125,0.3333333333333333,2,1.0,8.0,Win,Win,Brazil,Denmark,0.8333333333333334,0.5,France-1998
307,1998-07-04,-5.0,-0.2142857142857143,0.42857142857142855,0.14285714285714285,0.0714285714285714,0.14285714285714285,0.35714285714285715,2,22.0,17.0,Win,Win,Netherlands,Argentina,0.5714285714285714,0.5,France-1998
308,1998-07-04,17.0,-0.1777777777777778,0.5555555555555556,0.0,0.37777777777777777,0.2222222222222222,0.4,2,2.0,19.0,Loss,Loss,Germany,Croatia,0.7777777777777778,0.4,France-1998
309,1998-07-07,21.0,-0.01785714285714285,0.7083333333333334,0.42857142857142855,0.261904761904762,0.125,0.14285714285714285,2,1.0,22.0,Draw,Win,Brazil,Netherlands,0.8333333333333334,0.5714285714285714,France-1998
310,1998-07-08,13.0,-0.15000000000000002,0.375,0.0,0.22499999999999998,0.25,0.4,2,6.0,19.0,Win,Win,France,Croatia,0.625,0.4,France-1998
311,1998-07-11,-3.0,-0.2571428571428572,0.42857142857142855,0.0,0.17142857142857137,0.14285714285714285,0.4,2,22.0,19.0,Loss,Loss,Netherlands,Croatia,0.5714285714285714,0.4,France-1998
312,1998-07-12,5.0,-0.125,0.7083333333333334,0.375,0.20833333333333337,0.125,0.25,2,1.0,6.0,Loss,Loss,Brazil,France,0.8333333333333334,0.625,France-1998
313,1994-06-17,36.0,-0.1388888888888889,0.6666666666666667,0.29166666666666663,0.23611111111111116,0.1111111111111111,0.25,0,5.0,41.0,Draw,Draw,Spain,Korea Republic,0.7777777777777778,0.5416666666666666,USA-1994
314,1994-06-17,57.0,-0.06060606060606061,0.36363636363636365,-0.047619047619047616,0.35064935064935066,0.2727272727272727,0.3333333333333333,0,1.0,58.0,Win,Win,Germany,Bolivia,0.6363636363636364,0.2857142857142857,USA-1994
315,1994-06-18,-10.0,0.10130718954248369,-0.02941176470588236,0.4444444444444444,-0.3725490196078431,0.3235294117647059,0.2222222222222222,0,22.0,12.0,Draw,Draw,USA,Switzerland,0.29411764705882354,0.6666666666666666,USA-1994
316,1994-06-18,8.0,-0.2,0.875,0.39999999999999997,0.275,0.0,0.2,0,2.0,10.0,Loss,Loss,Italy,Republic of Ireland,0.875,0.6,USA-1994
317,1994-06-18,-8.0,0.4,0.0,0.5,-0.09999999999999998,0.5,0.1,0,21.0,13.0,Loss,Loss,Colombia,Romania,0.5,0.6,USA-1994
318,1994-06-19,5.0,-0.047619047619047616,0.33333333333333337,0.4285714285714286,-0.1428571428571429,0.16666666666666666,0.21428571428571427,0,25.0,30.0,Win,Win,Belgium,Morocco,0.5,0.6428571428571429,USA-1994
319,1994-06-19,12.0,-0.033333333333333326,0.49999999999999994,0.3333333333333333,0.1333333333333333,0.2,0.23333333333333334,0,4.0,16.0,Win,Win,Norway,Mexico,0.7,0.5666666666666667,USA-1994
320,1994-06-19,-14.0,0.10416666666666669,0.0,0.1111111111111111,-0.00694444444444442,0.4375,0.3333333333333333,0,23.0,9.0,Draw,Draw,Cameroon,Sweden,0.4375,0.4444444444444444,USA-1994
321,1994-06-20,31.0,0.0357142857142857,0.4285714285714286,0.4,0.06428571428571428,0.2857142857142857,0.25,0,7.0,38.0,Win,Win,Netherlands,Saudi Arabia,0.7142857142857143,0.65,USA-1994
322,1994-06-20,11.0,0.06666666666666671,0.04999999999999999,0.08333333333333337,0.033333333333333326,0.4,0.3333333333333333,0,3.0,14.0,Win,Win,Brazil,Russia,0.45,0.4166666666666667,USA-1994
323,1994-06-21,26.0,0.303921568627451,-0.05882352941176472,0.5,-0.2549019607843137,0.47058823529411764,0.16666666666666666,0,8.0,34.0,Win,Win,Argentina,Greece,0.4117647058823529,0.6666666666666666,USA-1994
324,1994-06-21,13.0,0.07777777777777778,0.2,0.2222222222222222,0.05555555555555558,0.3,0.2222222222222222,0,18.0,31.0,Win,Win,Nigeria,Bulgaria,0.5,0.4444444444444444,USA-1994
325,1994-06-21,4.0,0.1616161616161616,0.36363636363636365,0.6666666666666667,-0.14141414141414144,0.2727272727272727,0.1111111111111111,0,1.0,5.0,Draw,Draw,Germany,Spain,0.6363636363636364,0.7777777777777778,USA-1994
326,1994-06-22,-1.0,-0.1222222222222222,0.5,0.4444444444444444,-0.06666666666666665,0.1,0.2222222222222222,0,13.0,12.0,Loss,Loss,Romania,Switzerland,0.6,0.6666666666666666,USA-1994
327,1994-06-22,-1.0,-0.1764705882352941,-0.02941176470588236,0.0,-0.20588235294117646,0.3235294117647059,0.5,0,22.0,21.0,Win,Win,USA,Colombia,0.29411764705882354,0.5,USA-1994
328,1994-06-23,2.0,-0.2,0.875,0.49999999999999994,0.17500000000000004,0.0,0.2,0,2.0,4.0,Win,Win,Italy,Norway,0.875,0.7,USA-1994
329,1994-06-23,17.0,-0.08333333333333331,0.29166666666666663,-0.047619047619047616,0.25595238095238093,0.25,0.3333333333333333,0,41.0,58.0,Draw,Draw,Korea Republic,Bolivia,0.5416666666666666,0.2857142857142857,USA-1994
330,1994-06-24,-6.0,0.033333333333333326,0.3333333333333333,0.39999999999999997,-0.033333333333333326,0.23333333333333334,0.2,0,16.0,10.0,Win,Win,Mexico,Republic of Ireland,0.5666666666666667,0.6,USA-1994
331,1994-06-24,5.0,0.0,0.1111111111111111,0.08333333333333337,0.027777777777777735,0.3333333333333333,0.3333333333333333,0,9.0,14.0,Win,Win,Sweden,Russia,0.4444444444444444,0.4166666666666667,USA-1994
332,1994-06-24,20.0,-0.03749999999999998,0.04999999999999999,0.0,0.012500000000000011,0.4,0.4375,0,3.0,23.0,Win,Win,Brazil,Cameroon,0.45,0.4375,USA-1994
333,1994-06-25,-18.0,-0.11904761904761904,0.33333333333333337,0.4285714285714286,-0.2142857142857143,0.16666666666666666,0.2857142857142857,0,25.0,7.0,Win,Win,Belgium,Netherlands,0.5,0.7142857142857143,USA-1994
334,1994-06-25,-8.0,0.035714285714285726,0.4,0.4285714285714286,0.0071428571428571175,0.25,0.21428571428571427,0,38.0,30.0,Win,Win,Saudi Arabia,Morocco,0.65,0.6428571428571429,USA-1994
335,1994-06-25,10.0,0.17058823529411765,-0.05882352941176472,0.2,-0.08823529411764708,0.47058823529411764,0.3,0,8.0,18.0,Win,Win,Argentina,Nigeria,0.4117647058823529,0.5,USA-1994
336,1994-06-26,3.0,0.05555555555555555,0.2222222222222222,0.5,-0.2222222222222222,0.2222222222222222,0.16666666666666666,0,31.0,34.0,Win,Win,Bulgaria,Greece,0.4444444444444444,0.6666666666666666,USA-1994
337,1994-06-26,-9.0,0.2235294117647059,-0.02941176470588236,0.5,-0.30588235294117644,0.3235294117647059,0.1,0,22.0,13.0,Loss,Loss,USA,Romania,0.29411764705882354,0.6,USA-1994
338,1994-06-26,9.0,-0.2777777777777778,0.4444444444444444,0.0,0.16666666666666663,0.2222222222222222,0.5,0,12.0,21.0,Loss,Loss,Switzerland,Colombia,0.6666666666666666,0.5,USA-1994
339,1994-06-27,40.0,0.022727272727272707,0.36363636363636365,0.29166666666666663,0.09469696969696972,0.2727272727272727,0.25,0,1.0,41.0,Win,Win,Germany,Korea Republic,0.6363636363636364,0.5416666666666666,USA-1994
340,1994-06-27,-53.0,0.2222222222222222,-0.047619047619047616,0.6666666666666667,-0.4920634920634921,0.3333333333333333,0.1111111111111111,0,58.0,5.0,Loss,Loss,Bolivia,Spain,0.2857142857142857,0.7777777777777778,USA-1994
341,1994-06-28,-6.0,0.0,0.39999999999999997,0.49999999999999994,-0.09999999999999998,0.2,0.2,0,10.0,4.0,Draw,Draw,Republic of Ireland,Norway,0.6,0.7,USA-1994
342,1994-06-28,6.0,0.06666666666666671,0.04999999999999999,0.1111111111111111,0.005555555555555591,0.4,0.3333333333333333,0,3.0,9.0,Draw,Draw,Brazil,Sweden,0.45,0.4444444444444444,USA-1994
343,1994-06-28,14.0,-0.23333333333333334,0.875,0.3333333333333333,0.30833333333333335,0.0,0.23333333333333334,0,2.0,16.0,Draw,Draw,Italy,Mexico,0.875,0.5666666666666667,USA-1994
344,1994-06-28,9.0,-0.10416666666666669,0.08333333333333337,0.0,-0.020833333333333315,0.3333333333333333,0.4375,0,14.0,23.0,Win,Win,Russia,Cameroon,0.4166666666666667,0.4375,USA-1994
345,1994-06-29,-23.0,-0.07142857142857142,0.4285714285714286,0.4285714285714286,-0.0714285714285714,0.21428571428571427,0.2857142857142857,0,30.0,7.0,Loss,Loss,Morocco,Netherlands,0.6428571428571429,0.7142857142857143,USA-1994
346,1994-06-29,13.0,-0.08333333333333334,0.33333333333333337,0.4,-0.15000000000000002,0.16666666666666666,0.25,0,25.0,38.0,Loss,Loss,Belgium,Saudi Arabia,0.5,0.65,USA-1994
347,1994-06-30,-16.0,-0.13333333333333333,0.5,0.2,0.16666666666666663,0.16666666666666666,0.3,0,34.0,18.0,Loss,Loss,Greece,Nigeria,0.6666666666666666,0.5,USA-1994
348,1994-06-30,23.0,0.24836601307189543,-0.05882352941176472,0.2222222222222222,-0.0326797385620915,0.47058823529411764,0.2222222222222222,0,8.0,31.0,Loss,Loss,Argentina,Bulgaria,0.4117647058823529,0.4444444444444444,USA-1994
349,1994-07-02,24.0,0.10606060606060605,0.36363636363636365,0.33333333333333337,0.13636363636363635,0.2727272727272727,0.16666666666666666,1,1.0,25.0,Win,Win,Germany,Belgium,0.6363636363636364,0.5,USA-1994
350,1994-07-02,7.0,-0.1111111111111111,0.6666666666666667,0.4444444444444444,0.11111111111111116,0.1111111111111111,0.2222222222222222,1,5.0,12.0,Win,Win,Spain,Switzerland,0.7777777777777778,0.6666666666666666,USA-1994
351,1994-07-03,-29.0,-0.08333333333333331,0.4,0.1111111111111111,0.2055555555555556,0.25,0.3333333333333333,1,38.0,9.0,Loss,Loss,Saudi Arabia,Sweden,0.65,0.4444444444444444,USA-1994
352,1994-07-03,-5.0,-0.37058823529411766,0.5,-0.05882352941176472,0.18823529411764706,0.1,0.47058823529411764,1,13.0,8.0,Win,Win,Romania,Argentina,0.6,0.4117647058823529,USA-1994
353,1994-07-04,3.0,0.08571428571428569,0.4285714285714286,0.39999999999999997,0.11428571428571432,0.2857142857142857,0.2,1,7.0,10.0,Win,Win,Netherlands,Republic of Ireland,0.7142857142857143,0.6,USA-1994
354,1994-07-04,19.0,0.07647058823529412,0.04999999999999999,-0.02941176470588236,0.15588235294117647,0.4,0.3235294117647059,1,3.0,22.0,Win,Win,Brazil,USA,0.45,0.29411764705882354,USA-1994
355,1994-07-05,-16.0,0.3,0.2,0.875,-0.375,0.3,0.0,1,18.0,2.0,Loss,Loss,Nigeria,Italy,0.5,0.875,USA-1994
356,1994-07-05,15.0,0.011111111111111127,0.3333333333333333,0.2222222222222222,0.12222222222222223,0.23333333333333334,0.2222222222222222,1,16.0,31.0,Draw,Loss,Mexico,Bulgaria,0.5666666666666667,0.4444444444444444,USA-1994
357,1994-07-09,3.0,-0.1111111111111111,0.875,0.6666666666666667,0.09722222222222221,0.0,0.1111111111111111,2,2.0,5.0,Win,Win,Italy,Spain,0.875,0.7777777777777778,USA-1994
358,1994-07-09,-4.0,-0.11428571428571432,0.4285714285714286,0.04999999999999999,0.2642857142857143,0.2857142857142857,0.4,2,7.0,3.0,Loss,Loss,Netherlands,Brazil,0.7142857142857143,0.45,USA-1994
359,1994-07-10,-30.0,-0.0505050505050505,0.2222222222222222,0.36363636363636365,-0.19191919191919193,0.2222222222222222,0.2727272727272727,2,31.0,1.0,Win,Win,Bulgaria,Germany,0.4444444444444444,0.6363636363636364,USA-1994
360,1994-07-10,-4.0,-0.2333333333333333,0.5,0.1111111111111111,0.15555555555555556,0.1,0.3333333333333333,2,13.0,9.0,Draw,Loss,Romania,Sweden,0.6,0.4444444444444444,USA-1994
361,1994-07-13,-29.0,0.2222222222222222,0.2222222222222222,0.875,-0.4305555555555556,0.2222222222222222,0.0,2,31.0,2.0,Loss,Loss,Bulgaria,Italy,0.4444444444444444,0.875,USA-1994
362,1994-07-13,-6.0,-0.06666666666666671,0.1111111111111111,0.04999999999999999,-0.005555555555555591,0.3333333333333333,0.4,2,9.0,3.0,Loss,Loss,Sweden,Brazil,0.4444444444444444,0.45,USA-1994
363,1994-07-16,22.0,0.1111111111111111,0.1111111111111111,0.2222222222222222,0.0,0.3333333333333333,0.2222222222222222,2,9.0,31.0,Win,Win,Sweden,Bulgaria,0.4444444444444444,0.4444444444444444,USA-1994
364,1994-07-17,-1.0,0.4,0.04999999999999999,0.875,-0.425,0.4,0.0,2,3.0,2.0,Draw,Win,Brazil,Italy,0.45,0.875,USA-1994
